{"cameraMode":{"drawMode":0,"name":"Shaded","section":"Shading Mode"},"sceneLighting":true,"audioPlay":false,"sceneViewState":{"showFog":true,"showMaterialUpdate":false,"showSkybox":true,"showFlares":true,"showImageEffects":true,"showParticleSystems":true},"in2DMode":false,"pivot":{"x":152.2549591064453,"y":-2.498443603515625,"z":97.42919921875},"rotation":{"x":0.07473485916852951,"y":-0.9120745062828064,"z":0.35428452491760256,"w":0.19239895045757295},"size":1007.4061889648438,"orthographic":true}