{"cameraMode":{"drawMode":0,"name":"Shaded","section":"Shading Mode"},"sceneLighting":true,"audioPlay":false,"sceneViewState":{"showFog":true,"showMaterialUpdate":true,"showSkybox":true,"showFlares":true,"showImageEffects":true,"showParticleSystems":true},"in2DMode":false,"pivot":{"x":32.394264221191409,"y":-113.49051666259766,"z":-58.93657684326172},"rotation":{"x":0.04078448563814163,"y":0.9095474481582642,"z":-0.40324434638023379,"w":0.09199347347021103},"size":189.62657165527345,"orthographic":false}